name,instru_official,telescope,ref_paper,n
55 Cnc,APF,Lick/Levy 2.4-m,2018A&A...619A...1B,290
55 Cnc,EXPRES,Lowell 4.3-m,2023NatAs...7..198Z,55
55 Cnc,HARPS,ESO La Silla 3.6-m,2018A&A...619A...1B,12
55 Cnc,HARPS-N,TNG 3.6-m,2018A&A...619A...1B,22
55 Cnc,HIRES,Keck I 10-m,2018A&A...619A...1B,216
55 Cnc,HRS,McDonald HET 9.2-m,2018A&A...619A...1B,63
55 Cnc,SOPHIE,OHP 1.9-m,2018A&A...619A...1B,38
55 Cnc,TULL,McDonald 2.7-m,2018A&A...619A...1B,142
CoRoT-1,HARPS,ESO La Silla 3.6-m,072.C-0488,31
CoRoT-1,HARPS,ESO La Silla 3.6-m,082.C-0312,6
CoRoT-1,HARPS,ESO La Silla 3.6-m,184.C-0639,14
CoRoT-1,SOPHIE,OHP 1.9-m,2008A&A...482L..17B,9
CoRoT-11,Coudé,Alfred Jensch telescope 2-m at TLS observatory,2010A&A...524A..55G,2
CoRoT-11,HARPS,ESO La Silla 3.6-m,2010A&A...524A..55G,12
CoRoT-11,HIRES,Keck I 10-m,2010A&A...524A..55G,15
CoRoT-11,SOPHIE,OHP 1.9-m,2010A&A...524A..55G,2
CoRoT-18,FIES,NOT 2.5-m,2011A%26A...533A.130H,5
CoRoT-18,HARPS,ESO La Silla 3.6-m,2011A%26A...533A.130H,18
CoRoT-18,SOPHIE,OHP 1.9-m,2011A%26A...533A.130H,11
CoRoT-19,FIES,NOT 2.5-m,2012A%26A...537A.136G,5
CoRoT-19,HARPS,ESO La Silla 3.6-m,2012A%26A...537A.136G,18
CoRoT-19,SANDIFORD,McDonald 2.1-m,2012A%26A...537A.136G,2
CoRoT-19,SOPHIE,OHP 1.9-m,2012A%26A...537A.136G,7
CoRoT-2,CORALIE,ESO Euler 1.2-m,2008A&A...482L..21A,3
CoRoT-2,HARPS,ESO La Silla 3.6-m,2008A&A...482L..21A,4
CoRoT-2,HARPS,ESO La Silla 3.6-m,2008A+A...482L..25B,21
CoRoT-2,SOPHIE,OHP 1.9-m,2008A&A...482L..21A,8
CoRoT-2,SOPHIE,OHP 1.9-m,2008A+A...482L..25B,8
CoRoT-3,CORALIE,ESO Euler 1.2-m,2008A&A...491..889D,18
CoRoT-3,Coudé,Alfred Jensch telescope 2-m at TLS observatory,2008A&A...491..889D,3
CoRoT-3,HARPS,ESO La Silla 3.6-m,2008A&A...491..889D,3
CoRoT-3,HARPS,ESO La Silla 3.6-m,2009A+A...506..377T,11
CoRoT-3,SANDIFORD,McDonald 2.1-m,2008A&A...491..889D,3
CoRoT-3,SOPHIE,OHP 1.9-m,2008A&A...491..889D,7
CoRoT-36,FIES,NOT 2.5-m,2022MNRAS.516..636S,28
CoRoT-36,HARPS,ESO La Silla 3.6-m,2022MNRAS.516..636S,6
CoRoT-36,SANDIFORD,McDonald 2.1-m,2022MNRAS.516..636S,3
CoRoT-36,UVES,VLT 8.2-m,2022MNRAS.516..636S,11
EPIC 219388192,FIES,NOT 2.5-m,2017AJ....153..131N,9
EPIC 219388192,HARPS,ESO La Silla 3.6-m,2025arXiv250520516Z,24
EPIC 219388192,KPF,Keck I 10-m,2025arXiv250618971C,29
EPIC 219388192,TULL,McDonald 2.7-m,2017AJ....153..131N,3
GJ 3470,HARPS,ESO La Silla 3.6-m,2022ApJ...931L..15S,95
GJ 3470,HIRES,Keck I 10-m,2022ApJ...931L..15S,56
GJ 3470,HPF,McDonald HET 9.2-m,2022ApJ...931L..15S,9
GJ 3470,NEID,WIYN 3.5-m,2022ApJ...931L..15S,48
GJ 436,ESPRESSO,VLT 8.2-m,2022A&A...663A.160B,98
GJ 436,HIRES,Keck I 10-m,2004ApJ...617..580B,42
GJ 436,HIRES,Keck I 10-m,2012ApJ...757...18A,36
GJ 436,HIRES,Keck I 10-m,2021ApJS..255....8R,309
GPX-1,SOPHIE,OHP 1.9-m,2021MNRAS.505.4956B,16
HAT-P-1,HDS,Subaru 8.2-m,2007ApJ...656..552B,4
HAT-P-1,HDS,Subaru 8.2-m,2008ApJ...686..649J,25
HAT-P-1,HIRES,Keck I 10-m,2008ApJ...686..649J,88
HAT-P-11,HDS,Subaru 8.2-m,2011PASJ...63S.531H,38
HAT-P-11,HIRES,Keck I 10-m,2010ApJ...723L.223W,132
HAT-P-11,HIRES,Keck I 10-m,2010ApJ...723L.223W;2010ApJ...710.1724B,50
HAT-P-12,HARPS-N,TNG 3.6-m,2018A%26A...613A..41M,33
HAT-P-12,HIRES,Keck I 10-m,2009ApJ...706..785H,21
HAT-P-13,HIRES,Keck I 10-m,2010ApJ...718..575W,105
HAT-P-14,HIRES,Keck I 10-m,2011AJ....141...63W,58
HAT-P-15,HARPS-N,TNG 3.6-m,2022A+A...664A.162M,33
HAT-P-15,HIRES,Keck I 10-m,2010ApJ...724..866K,23
HAT-P-16,FIES,NOT 2.5-m,2010ApJ...720.1118B,20
HAT-P-16,HIRES,Keck I 10-m,2010ApJ...720.1118B,6
HAT-P-16,HIRES,Keck I 10-m,2012ApJ...757...18A,9
HAT-P-16,SOPHIE,OHP 1.9-m,2011A+A...533A.113M,18
HAT-P-17,HARPS-N,TNG 3.6-m,2017A&A...602A.107B,25
HAT-P-17,HARPS-N,TNG 3.6-m,2022A+A...664A.162M,23
HAT-P-17,HIRES,Keck I 10-m,2013ApJ...772...80F,64
HAT-P-17,HIRES,Keck I 10-m,2013ApJ...772...80F;2012ApJ...749..134H,36
HAT-P-18,HARPS,ESO La Silla 3.6-m,2011ApJ...726...52H,3
HAT-P-18,HARPS,ESO La Silla 3.6-m,2014A+A...564L..13E,20
HAT-P-18,HIRES,Keck I 10-m,2011ApJ...726...52H,24
HAT-P-2,HARPS-N,TNG 3.6-m,2023AJ....166..136D,31
HAT-P-2,HIRES,Keck I 10-m,2012ApJ...757...18A,97
HAT-P-2,HIRES,Keck I 10-m,2023AJ....166..136D,72
HAT-P-2,SOPHIE,OHP 1.9-m,2008A%26A...481..529L,63
HAT-P-20,HARPS-N,TNG 3.6-m,2017A%26A...601A..53E,42
HAT-P-20,HIRES,Keck I 10-m,2011ApJ...742..116B,10
HAT-P-21,HARPS-N,TNG 3.6-m,2022A+A...664A.162M,36
HAT-P-21,HIRES,Keck I 10-m,2011ApJ...742..116B,15
HAT-P-22,HARPS-N,TNG 3.6-m,2018A%26A...613A..41M,31
HAT-P-22,HIRES,Keck I 10-m,2011ApJ...742..116B,13
HAT-P-23,HIRES,Keck I 10-m,2011ApJ...742..116B,13
HAT-P-23,SOPHIE,OHP 1.9-m,2011A+A...533A.113M,23
HAT-P-24,HIRES,Keck I 10-m,2010ApJ...725.2017K,18
HAT-P-24,HIRES,Keck I 10-m,2012ApJ...757...18A,16
HAT-P-27,HARPS,ESO La Silla 3.6-m,2012ApJ...760..139B,36
HAT-P-27,SOPHIE,OHP 1.9-m,2012ApJ...760..139B,8
HAT-P-29,HARPS-N,TNG 3.6-m,2022A+A...664A.162M,23
HAT-P-29,HIRES,Keck I 10-m,2011ApJ...733..116B,8
HAT-P-3,HARPS-N,TNG 3.6-m,2017A%26A...602A.107B,14
HAT-P-3,HARPS-N,TNG 3.6-m,2018A%26A...613A..41M,22
HAT-P-3,HIRES,Keck I 10-m,2007ApJ...666L.121T,9
HAT-P-30,CORALIE,ESO Euler 1.2-m,2011AJ....142...86E,10
HAT-P-30,HARPS-N,TNG 3.6-m,2017A%26A...602A.107B,13
HAT-P-30,HDS,Subaru 8.2-m,2011ApJ...735...24J,11
HAT-P-30,HIRES,Keck I 10-m,2011ApJ...735...24J,66
HAT-P-30,SOPHIE,OHP 1.9-m,2011AJ....142...86E,10
HAT-P-32,HIRES,Keck I 10-m,2011ApJ...742...59H,26
HAT-P-32,HIRES,Keck I 10-m,2012ApJ...757...18A,76
HAT-P-32,HIRES,Keck I 10-m,2014ApJ...785..126K,30
HAT-P-33,HIRES,Keck I 10-m,2011ApJ...742...59H,22
HAT-P-34,FIES,NOT 2.5-m,2012AJ....144...19B,9
HAT-P-34,HDS,Subaru 8.2-m,2012AJ....144...19B,6
HAT-P-34,HIRES,Keck I 10-m,2012AJ....144...19B,14
HAT-P-34,HIRES,Keck I 10-m,2012ApJ...757...18A,62
HAT-P-36,HARPS-N,TNG 3.6-m,2015A%26A...579A.136M,9
HAT-P-36,TRES,Tillinghast 1.5-m,2012AJ....144...19B,12
HAT-P-4,HIRES,Keck I 10-m,2011AJ....141...63W,59
HAT-P-41,FIES,NOT 2.5-m,2012AJ....144..139H,9
HAT-P-41,HARPS-N,TNG 3.6-m,2025A&A...694A..91Z,67
HAT-P-41,HIRES,Keck I 10-m,2012AJ....144..139H,13
HAT-P-49,SOPHIE,OHP 1.9-m,2014AJ....147...84B,6
HAT-P-49,TRES,Tillinghast 1.5-m,2014AJ....147...84B,16
HAT-P-50,FIES,NOT 2.5-m,2015AJ....150..168H,10
HAT-P-50,HARPS-N,TNG 3.6-m,2025A&A...694A..91Z,40
HAT-P-50,HDS,Subaru 8.2-m,2015AJ....150..168H,40
HAT-P-50,TRES,Tillinghast 1.5-m,2015AJ....150..168H,12
HAT-P-56,TRES,Tillinghast 1.5-m,2015AJ....150...85H,18
HAT-P-6,HIRES,Keck I 10-m,2008ApJ...673L..79N,15
HAT-P-6,HIRES,Keck I 10-m,2012ApJ...757...18A,42
HAT-P-6,SOPHIE,OHP 1.9-m,2011A+A...527L..11H,41
HAT-P-67,HARPS-N,TNG 3.6-m,2024A&A...687A.143S,123
HAT-P-67,HIRES,Keck I 10-m,2017AJ....153..211Z,19
HAT-P-69,TRES,Tillinghast 1.5-m,2019AJ....158..141Z,53
HAT-P-7,HDS,Subaru 8.2-m,2009ApJ...703L..99W,60
HAT-P-7,HIRES,Keck I 10-m,2009ApJ...703L..99W,17
HAT-P-7,HIRES,Keck I 10-m,2012ApJ...757...18A,49
HAT-P-8,FIES,NOT 2.5-m,2011MNRAS.414.3023S,28
HAT-P-8,HIRES,Keck I 10-m,2009ApJ...704.1107L,11
HAT-P-8,SOPHIE,OHP 1.9-m,2011A+A...533A.113M,41
HAT-P-9,SOPHIE,OHP 1.9-m,2009ApJ...690.1393S,15
HAT-P-9,SOPHIE,OHP 1.9-m,2011A+A...533A.113M,27
HATS-14,CORALIE,ESO Euler 1.2-m,2015A&A...580A..63M,6
HATS-14,FEROS,MPG 2.2-m,2015A&A...580A..63M,11
HATS-14,HIRES,Keck I 10-m,2015ApJ...814L..16Z,12
HATS-3,CORALIE,ESO Euler 1.2-m,2013AJ....146..113B,8
HATS-3,FEROS,MPG 2.2-m,2013AJ....146..113B,13
HATS-3,UCLES,AAT 3.9-m,2013AJ....146..113B,8
HATS-3,UCLES,AAT 3.9-m,2014ApJ...792..112A,38
HATS-38,ESPRESSO,VLT 8.2-m,2024AJ....168..185E,26
HATS-38,FEROS,MPG 2.2-m,2024AJ....168..185E,10
HATS-38,HARPS,ESO La Silla 3.6-m,2024AJ....168..185E,24
HATS-38,PFS,Magellan II 6.5-m,2024AJ....168..185E,5
HATS-70,CORALIE,ESO Euler 1.2-m,2019AJ....157...31Z,8
HATS-70,FEROS,MPG 2.2-m,2019AJ....157...31Z,12
HD 110067,ESPRESSO,VLT 8.2-m,2024A&A...687L...2Z,53
HD 118203,ELODIE,OHP 1.9-m,2020AJ....159..243P,56
HD 118203,FIES,NOT 2.5-m,2024A&A...690A.379K,12
HD 118203,FIESplus,NOT 2.5-m,2024A&A...690A.379K,21
HD 118203,HARPS-N,TNG 3.6-m,2024A%26A...688A.172M,18
HD 118203,HIRES,Keck I 10-m,2020AJ....159..243P,26
HD 118203,HRS,McDonald HET 9.2-m,2024A%26A...688A.172M,51
HD 118203,KPF,Keck I 10-m,2024AJ....168..295Z,76
HD 148293,FIES,NOT 2.5-m,2024A&A...690A.379K,23
HD 17156,HADES,OAO 1.9-m,2008PASJ...60L...1N,25
HD 17156,HARPS-N,TNG 3.6-m,2017A&A...602A.107B,54
HD 17156,HDS,Subaru 8.2-m,2009ApJ...693..794W,9
HD 17156,HDS,Subaru 8.2-m,2009PASJ...61..991N,78
HD 17156,HIRES,Keck I 10-m,2009ApJ...693..794W,34
HD 17156,HIRES,Keck I 10-m,2017AJ....153..208B,62
HD 17156,HRS,McDonald HET 9.2-m,2008ApJ...683L..59C,13
HD 17156,SARG,TNG 3.6-m,2009A&A...503..601B,29
HD 17156,Tull,McDonald 2.7-m,2008ApJ...683L..59C,18
HD 191939,APF,Lick/Levy 2.4-m,2022AJ....163..101L,111
HD 191939,APF,Lick/Levy 2.4-m,2024ApJS..272...32P,143
HD 191939,CARMENES,Calar Alto/CAHA 3.5-m,2023A&A...669A..40O,138
HD 191939,HARPS-N,TNG 3.6-m,2023A&A...669A..40O,42
HD 191939,HIRES,Keck I 10-m,2022AJ....163..101L,73
HD 191939,HIRES,Keck I 10-m,2024AJ....168..196L,54
HD 191939,HIRES,Keck I 10-m,2024ApJS..272...32P,35
HD 63433,CARMENES,Calar Alto/CAHA 3.5-m,2023A&A...671A.163M,296
HD 63433,ELODIE,OHP 1.9-m,2020AJ....160..179M,3
HD 63433,HARPS-N,TNG 3.6-m,2020AJ....160..179M,43
HD 63433,Hamilton,Lick/Shane 3-m,2020AJ....160..179M,11
HD 63433,SOPHIE,OHP 1.9-m,2020AJ....160..179M,13
HD 63433,TRES,Tillinghast 1.5-m,2020AJ....160..179M,2
HD 93963,APF,Lick/Levy 2.4-m,2024ApJS..272...32P,104
HD 93963,HIRES,Keck I 10-m,2024ApJS..272...32P,63
HD 93963,KPF,Keck I 10-m,2025AJ....170...51T,43
HD 93963,SOPHIE,OHP 1.9-m,2022A&A...667A...1S,62
HD_017156,HDS,Subaru 8.2-m,2009ApJ...693..794W,9
HD_017156,HDS,Subaru 8.2-m,2009PASJ...61..991N,78
HD_017156,HIDES,OAO 1.9-m,2008PASJ...60L...1N,25
HD_017156,HIRES,Keck I 10-m,2017AJ....153..208B,54
HD_017156,HRS,McDonald HET 9.2-m,2008ApJ...683L..59C,13
HD_017156,SARG,TNG 3.6-m,2009A%26A...503..601B,28
HD_017156,Tull,McDonald 2.7-m,2008ApJ...683L..59C,18
HD_149026,HDS,Subaru 8.2-m,2005ApJ...633..465S,4
HD_149026,HIRES,Keck I 10-m,2007ApJ...667..549W,35
HD_149026,HIRES,Keck I 10-m,2017AJ....153..208B,35
HD_189733,ELODIE,OHP 1.9-m,Dace,26
HD_189733,ESPRESSO,VLT 8.2-m,ESPDR19,136
HD_189733,HARPS,ESO La Silla 3.6-m,2009A%26A...506..377T,78
HD_189733,HIRES,Keck I 10-m,2006ApJ...653L..69W,71
HD_189733,HIRES,Keck I 10-m,2017AJ....153..208B,47
HD_209458,CORALIE,ESO Euler 1.2-m,2004A%26A...414..351N,141
HD_209458,ELODIE,OHP 1.9-m,2004A%26A...414..351N,46
HD_209458,ESPRESSO,VLT 8.2-m,2020A%26A...644A..51S,170
HD_209458,HARPS,ESO La Silla 3.6-m,Dace,29
HD_209458,HIRES,Keck I 10-m,2017AJ....153..208B,193
HD_209458,Hamilton,Lick/Shane 3-m,2021ApJS..255....8R,26
HD_332231,APF,Lick/Levy 2.4-m,2020AJ....159..241D,68
HD_332231,CARMENES,Calar Alto/CAHA 3.5-m,2022A%26A...659A..44S,72
HD_332231,HARPS-N,TNG 3.6-m,2022A%26A...660A..99K,42
HD_332231,HIRES,Keck I 10-m,2020AJ....159..241D,13
HD_332231,SONG,SONG 1-m,2020AJ....159..241D,13
HD_80606,APF,Lick/Levy 2.4-m,2022AJ....164..178P,10
HD_80606,ELODIE,OHP 1.9-m,2022AJ....164..178P,74
HD_80606,HIRES,Keck I 10-m,2022AJ....164..178P,264
HD_80606,HRS,McDonald HET 9.2-m,2022AJ....164..178P,23
HD_80606,SOPHIE,OHP 1.9-m,2010A%26A...516A..95H,57
K2-105,HDS,Subaru 8.2-m,2017PASJ...69...29N,8
K2-139,ESPRESSO,VLT 8.2-m,2025AJ....170...70E,23
K2-139,FIES,NOT 2.5-m,2018MNRAS.475.1765B,10
K2-139,HARPS,ESO La Silla 3.6-m,2018MNRAS.475.1765B,6
K2-139,HARPS-N,TNG 3.6-m,2018MNRAS.475.1765B,3
K2-140,CORALIE,ESO Euler 1.2-m,2018MNRAS.475.1809G,12
K2-140,FIES,NOT 2.5-m,2019MNRAS.482.1807K,13
K2-140,HARPS,ESO La Silla 3.6-m,2018MNRAS.475.1809G,6
K2-140,HIRES,Keck I 10-m,2021AJ....162..182R,18
K2-232,APF,Lick/Levy 2.4-m,OurWork,92
K2-232,CORALIE,ESO Euler 1.2-m,2018MNRAS.477.2572B,3
K2-232,FEROS,MPG 2.2-m,2018MNRAS.477.2572B,18
K2-232,HARPS,ESO La Silla 3.6-m,2018MNRAS.477.2572B,8
K2-234,FIES,NOT 2.5-m,2018MNRAS.478.4866V,16
K2-234,HARPS,ESO La Silla 3.6-m,2018MNRAS.478.4866V,38
K2-234,HARPS-N,TNG 3.6-m,2018MNRAS.478.4866V,12
K2-237,CORALIE,ESO Euler 1.2-m,2018MNRAS.478.5356S,9
K2-237,HARPS,ESO La Silla 3.6-m,2018MNRAS.478.5356S,4
K2-237,PLATOSpec,ESO La Silla 1.5-m,2025A&A...702A.266Z,40
K2-25,HPF,McDonald HET 9.2-m,2020AJ....160..192S,63
K2-261,FIES,NOT 2.5-m,2018MNRAS.481..596J,12
K2-261,HARPS,ESO La Silla 3.6-m,2018MNRAS.481..596J,9
K2-261,HARPS-N,TNG 3.6-m,2018MNRAS.481..596J,8
K2-261,HARPS-N,TNG 3.6-m,2024A&A...690A.379K,40
K2-267,TRES,Tillinghast 1.5-m,2018AJ....156..250Y,22
K2-287,ESPRESSO,VLT 8.2-m,2024A&A...690A.379K,26
K2-287,FEROS,MPG 2.2-m,2019AJ....157..100J,52
K2-287,HARPS,ESO La Silla 3.6-m,2019AJ....157..100J,25
K2-29,CAFE,Calar Alto 2.2-m,2016ApJ...824...55S,3
K2-29,HARPS-N,TNG 3.6-m,2016ApJ...824...55S,21
K2-29,SOPHIE,OHP 1.9-m,2016ApJ...824...55S,26
K2-290,ESPRESSO,VLT 8.2-m,2021PNAS..11817418H,28
K2-290,FIES,NOT 2.5-m,2019MNRAS.484.3522H,22
K2-290,HARPS,ESO La Silla 3.6-m,2019MNRAS.484.3522H,32
K2-290,HARPS-N,TNG 3.6-m,2019MNRAS.484.3522H,14
K2-290,HARPS-N,TNG 3.6-m,2021PNAS..11817418H,22
K2-290,HDS,Subaru 8.2-m,2021PNAS..11817418H,46
K2-329,ESPRESSO,VLT 8.2-m,2025AJ....170...70E,59
K2-329,FEROS,MPG 2.2-m,2021AJ....161...82S,27
K2-329,HARPS,ESO La Silla 3.6-m,2021AJ....161...82S,13
K2-329,PFS,Magellan II 6.5-m,2021AJ....161...82S,10
K2-34,HARPS,ESO La Silla 3.6-m,2016ApJ...825...53H,13
K2-34,HDS,Subaru 8.2-m,2016ApJ...825...53H,20
KELT-1,TRES,Tillinghast 1.5-m,2012ApJ...761..123S,65
KELT-10,HARPS,ESO La Silla 3.6-m,2023A&A...672A.134S,95
KELT-10,SOPHIE,OHP 1.9-m,2016MNRAS.459.4281K,12
KELT-11,APF,Lick/Levy 2.4-m,2017AJ....153..215P,15
KELT-11,HIRES,Keck I 10-m,2017AJ....153..215P,17
KELT-17,TRES,Tillinghast 1.5-m,2016AJ....152..136Z,73
KELT-23A,APF,Lick/Levy 2.4-m,2019AJ....158...78J,11
KELT-23A,KPF,Keck I 10-m,2025arXiv250702667G,32
KELT-23A,TRES,Tillinghast 1.5-m,2019AJ....158...78J,20
KELT-23A,TRES,Tillinghast 1.5-m,2025ApJS..280...30Y,1
KELT-24,MINERVA,Gemini North 8.1-m,2024AJ....168..118G,201
KELT-24,SONG,SONG 1-m,2019A%26A...631A..76H,89
KELT-24,TRES,Tillinghast 1.5-m,2019AJ....158..197R,19
KELT-3,EXPERT,Kitt Peak 2.1-m,2013ApJ...773...64P,4
KELT-3,FIES,NOT 2.5-m,2013ApJ...773...64P,5
KELT-3,FIESplus,NOT 2.5-m,2024A&A...690A.379K,15
KELT-3,TRES,Tillinghast 1.5-m,2013ApJ...773...64P,15
KELT-4,EXPERT,Kitt Peak 2.1-m,2016AJ....151...45E,9
KELT-4,FIES,NOT 2.5-m,2016AJ....151...45E,4
KELT-4,FIES,NOT 2.5-m,2024A&A...690A.379K,16
KELT-4,HIRES,Keck I 10-m,2016AJ....151...45E,17
KELT-4,TRES,Tillinghast 1.5-m,2016AJ....151...45E,16
KELT-6,HARPS-N,TNG 3.6-m,2015A%26A...581L...6D,71
KELT-6,HIRES,Keck I 10-m,2014AJ....147...39C,16
KELT-6,TRES,Tillinghast 1.5-m,2015A%26A...581L...6D,22
KELT-7,HoRUS,GTC 10-m,2022MNRAS.515.1247T,136
KELT-7,TRES,Tillinghast 1.5-m,2015AJ....150...12B,64
KELT-9,HARPS-N,TNG 3.6-m,2019A%26A...631A..34B,373
KOI-12,SOPHIE,OHP 1.9-m,2015A&A...579A..55B,47
KOI-94,HDS,Subaru 8.2-m,2012ApJ...759L..36H,33
KOI-94,HIRES,Keck I 10-m,2013ApJ...771...11A,25
KOI-94,HIRES,Keck I 10-m,2024ApJS..270....8W,71
Kepler-1656,HIRES,Keck I 10-m,2022AJ....163..227A,150
Kepler-1656,KPF,Keck I 10-m,2024ApJ...971L..40R,30
Kepler-25,HIRES,Keck I 10-m,2013ApJ...771...11A,54
Kepler-25,HIRES,Keck I 10-m,2024ApJS..270....8W,101
Kepler-420,HARPS-N,TNG 3.6-m,2014A%26A...571A..37S,16
Kepler-420,SOPHIE,OHP 1.9-m,2014A%26A...571A..37S,25
Kepler-448,SOPHIE,OHP 1.9-m,2015A&A...579A..55B,47
Kepler-63,HIRES,Keck I 10-m,2013ApJ...775...54S,37
Kepler-8,HIRES,Keck I 10-m,2010ApJ...724.1108J,15
Kepler-8,HIRES,Keck I 10-m,2012ApJ...757...18A,23
Kepler-89_d,HDS,Subaru 8.2-m,2012ApJ...759L..36H,33
Kepler-9,HARPS-N,TNG 3.6-m,2019MNRAS.484.3233B,30
Kepler-9,HIRES,Keck I 10-m,2018AJ....155...70W,21
Kepler-9,HIRES,Keck I 10-m,2024ApJS..270....8W,19
LP 261-75A,MAROON-X Blue,Gemini North 8.1-m,2025AJ....169...64B,31
LP 261-75A,TRES,Tillinghast 1.5-m,2010AJ....139..176F,8
LTT 1445A,HARPS-N,TNG 3.6-m,2024A&A...690A.379K,14
MASCARA-1,HERMES,La Palma 1.2-m,2017A&A...606A..73T,12
NGTS-2,HARPS,ESO La Silla 3.6-m,2018arXiv180907709A,46
Qatar-1,HARPS-N,TNG 3.6-m,2013A%26A...554A..28C,18
Qatar-1,TRES,Tillinghast 1.5-m,2011MNRAS.417..709A,9
Qatar-2,HARPS-N,TNG 3.6-m,2017A%26A...601A..53E,17
Qatar-2,TRES,Tillinghast 1.5-m,2012ApJ...750...84B,44
Qatar-4,HARPS-N,TNG 3.6-m,2025A&A...694A..91Z,18
Qatar-4,TRES,Tillinghast 1.5-m,2017AJ....153..200A,10
Qatar-6,HIRES,Keck I 10-m,2018AJ....155...52A,34
Qatar-6,HIRES,Keck I 10-m,2023AJ....165...65R,39
Qatar-7,HARPS-N,TNG 3.6-m,2025arXiv250520516Z,22
Qatar-7,TRES,Tillinghast 1.5-m,2019AJ....157...74A,14
TIC 241249530,HARPS-N,TNG 3.6-m,2024Natur.632...50G,10
TIC 241249530,HPF,McDonald HET 9.2-m,2024Natur.632...50G,12
TIC 241249530,NEID,WIYN 3.5-m,2024Natur.632...50G,56
TOI-1130,ESPRESSO,VLT 8.2-m,2024A&A...690A.379K,23
TOI-1135,CARMENES,Calar Alto/CAHA 3.5-m,2024A&A...685A..90M,53
TOI-1135,NEID,WIYN 3.5-m,ThisWork,34
TOI-1181,HIRES,Keck I 10-m,2024AJ....168...81S,83
TOI-1259A,NEID,WIYN 3.5-m,arxiv2507.07737,26
TOI-1259A,SOPHIE,OHP 1.9-m,2021MNRAS.507.4132M,19
TOI-1268,Coudé,Alfred Jensch telescope 2-m at TLS observatory,2022A%26A...662A.107S,51
TOI-1268,NEID,WIYN 3.5-m,2022ApJ...926L...7D,37
TOI-1268,TULL,McDonald 2.7-m,2022A%26A...662A.107S,32
TOI-1431,EXPRES,Lowell 4.3-m,2021AJ....162..292A,15
TOI-1431,FIES,NOT 2.5-m,2021AJ....162..292A,32
TOI-1431,HARPS-N,TNG 3.6-m,2021A&A...654A..73S,49
TOI-1431,NRES,McDonald Observatory 1-m,2021AJ....162..292A,6
TOI-1431,NRES,Wise Observatory 1-m TLV,2021AJ....162..292A,27
TOI-1431,SONG,SONG 1-m,2021AJ....162..292A,19
TOI-1431,SOPHIE,OHP 1.9-m,2021AJ....162..292A,8
TOI-1478,CHIRON,CTIO 1.5-m,2021AJ....161..194R,36
TOI-1478,CORALIE,ESO Euler 1.2-m,2021AJ....161..194R,14
TOI-1478,FEROS,MPG 2.2-m,2021AJ....161..194R,8
TOI-1478,HIRES,Keck I 10-m,2022AJ....164..104R,39
TOI-1478,NEID,WIYN 3.5-m,2022AJ....164..104R,20
TOI-1478,TRES,Tillinghast 1.5-m,2021AJ....161..194R,8
TOI-1670,FIES,NOT 2.5-m,2022AJ....163..225T,7
TOI-1670,HARPS-N,TNG 3.6-m,2022AJ....163..225T,8
TOI-1670,NEID,WIYN 3.5-m,2023ApJ...959L...5L,21
TOI-1670,OES,Ondřejov 2-m,2022AJ....163..225T,32
TOI-1670,TRES,Tillinghast 1.5-m,2022AJ....163..225T,6
TOI-1670,TULL,McDonald 2.7-m,2022AJ....163..225T,50
TOI-1694,HIRES,Keck I 10-m,2023AJ....165...60V,19
TOI-1694,KPF,Keck I 10-m,2024arXiv241207950H,25
TOI-1759,CARMENES,Calar Alto/CAHA 3.5-m,2022AJ....163..133E,32
TOI-1759,HIRES,Keck I 10-m,2024ApJS..272...32P,69
TOI-1759,MAROON-X Blue,Gemini North 8.1-m,2025arXiv250704291P,35
TOI-1759,MAROON-X Red,Gemini North 8.1-m,2025arXiv250704291P,35
TOI-1759,SPIRou,CFHT,2022A&A...660A..86M,216
TOI-1836,HARPS-N,TNG 3.6-m,2024A&A...690A.379K,23
TOI-1836,HIRES,Keck I 10-m,2024ApJS..272...32P,53
TOI-1842,HIRES,Keck I 10-m,2024ApJS..272...32P,38
TOI-1842,MINERVA,Mount Kent Observatory 4×0.7-m,2022AJ....163...82W,119
TOI-1842,NEID,WIYN 3.5-m,2023ApJ...949L..35H,20
TOI-1842,NRES,LCOGT/ 6 × 1-m,2022AJ....163...82W,12
TOI-1937A,PFS,Magellan II 6.5-m,2023ApJS..265....1Y,27
TOI-2025,FIES,NOT 2.5-m,2022A%26A...667A..22K,20
TOI-2025,FIESplus,NOT 2.5-m,2022A%26A...667A..22K,35
TOI-2025,NEID,WIYN 3.5-m,2024ApJ...973L..21W,26
TOI-2031,HIRES,Keck I 10-m,2025ApJS..280...30Y,7
TOI-2031,NEID,WIYN 3.5-m,2024ApJ...973L..21W,16
TOI-2031,TRES,Tillinghast 1.5-m,2025ApJS..280...30Y,8
TOI-2046,Coudé,Alfred Jensch telescope 2-m at TLS observatory,2022MNRAS.513.5955K,17
TOI-2046,HARPS-N,TNG 3.6-m,2025A&A...694A..91Z,31
TOI-2046,OES,Ondřejov 2-m,2022MNRAS.513.5955K,10
TOI-2046,TULL,McDonald 2.7-m,2022MNRAS.513.5955K,24
TOI-2076,NEID,WIYN 3.5-m,2023ApJ...944L..41F,34
TOI-2109,FIES,NOT 2.5-m,2021AJ....162..256W,10
TOI-2109,TRES,Tillinghast 1.5-m,2021AJ....162..256W,24
TOI-2119,APOGEE-2N,APOGEE,2022AJ....163...89C,2
TOI-2119,HPF,McDonald HET 9.2-m,2022AJ....163...89C,8
TOI-2119,NEID,WIYN 3.5-m,2025MNRAS.536.3745D,51
TOI-2119,TRES,Tillinghast 1.5-m,2022MNRAS.514.4944C,8
TOI-2145,MINERVA,Gemini North 8.1-m,2023MNRAS.521.2765R,31
TOI-2145,NEID,WIYN 3.5-m,2025AJ....169....4D,76
TOI-2145,TRES,Tillinghast 1.5-m,2023MNRAS.521.2765R,15
TOI-2202,PFS,Magellan II 6.5-m,2023AJ....166..266R,25
TOI-2364,KPF,Keck I 10-m,2025arXiv250503628T,31
TOI-2364,PFS,Magellan II 6.5-m,2023ApJS..265....1Y,12
TOI-2364,TRES,Tillinghast 1.5-m,2023ApJS..265....1Y,8
TOI-2374,HARPS,ESO La Silla 3.6-m,2024MNRAS.532.1612H,21
TOI-2374,KPF,Keck I 10-m,Yee2025,33
TOI-2374,PFS,Magellan II 6.5-m,2024MNRAS.532.1612H,7
TOI-2485,CHIRON,CTIO 1.5-m,2024A&A...690A..18C,14
TOI-2485,FEROS,MPG 2.2-m,2024A&A...690A..18C,15
TOI-2485,NEID,WIYN 3.5-m,2024ApJ...973L..21W,16
TOI-2485,TRES,Tillinghast 1.5-m,2024A&A...690A..18C,11
TOI-2524,FEROS,MPG 2.2-m,2023AJ....166..271E,8
TOI-2524,NEID,WIYN 3.5-m,2024ApJ...973L..21W,17
TOI-2533,NEID,WIYN 3.5-m,2024AJ....168..145F,21
TOI-2533,TRES,Tillinghast 1.5-m,2023AJ....166..225S,11
TOI-3362,CHIRON,CTIO 1.5-m,2021ApJ...920L..16D,42
TOI-3362,ESPRESSO,VLT 8.2-m,2023ApJ...958L..20E,76
TOI-3362,FEROS,MPG 2.2-m,2023ApJ...958L..20E,12
TOI-3362,MINERVA,Gemini North 8.1-m,2021ApJ...920L..16D,18
TOI-3714,HPF,McDonald HET 9.2-m,2022AJ....164...50C,12
TOI-3714,MAROON-X,Gemini North 8.1-m,2025AJ....170..313W,16
TOI-3714,NEID,WIYN 3.5-m,2022AJ....164...50C,8
TOI-3972,NEID,WIYN 3.5-m,2024AJ....168..145F,29
TOI-4127,HARPS-N,TNG 3.6-m,Mireles+2025,16
TOI-4127,NEID,WIYN 3.5-m,2023AJ....165..234G,11
TOI-4127,SOPHIE,OHP 1.9-m,2023AJ....165..234G,19
TOI-4201,MAROON-X Blue,Gemini North 8.1-m,2024ApJ...962L..22D,19
TOI-4201,MAROON-X Red,Gemini North 8.1-m,2024ApJ...962L..22D,19
TOI-4201,NEID,WIYN 3.5-m,2024ApJ...962L..22D,3
TOI-4201,PFS,Magellan II 6.5-m,2024ApJ...962L..22D,17
TOI-4201,SPIRou,CFHT,2024ApJ...962L..22D,27
TOI-4379,HIRES,Keck I 10-m,2024AJ....168...81S,12
TOI-4379,KPF,Keck I 10-m,2024AJ....168...81S,30
TOI-4641,TRES,Tillinghast 1.5-m,2024MNRAS.52710955B,15
TOI-5027,ESPRESSO,VLT 8.2-m,2025AJ....170...70E,32
TOI-5027,FEROS,MPG 2.2-m,2025A&A...694A.268T,27
TOI-5126,NEID,WIYN 3.5-m,2024AJ....168..116R,20
TOI-5293,HPF,McDonald HET 9.2-m,2023AJ....166...30C,16
TOI-5293,MAROON-X,Gemini North 8.1-m,2025AJ....170..313W,30
TOI-5398,HARPS-N,TNG 3.6-m,2024A&A...682A.129M,86
TOI-5398,HARPS-N,TNG 3.6-m,2024A&A...684L..17M,47
TOI-5398,NEID,WIYN 3.5-m,2024AJ....168..116R,28
TOI-558,ESPRESSO,VLT 8.2-m,2025AJ....170...70E,34
TOI-558,PFS,Magellan II 6.5-m,2022AJ....163....9I,14
TOI-559,CHIRON,CTIO 1.5-m,2022AJ....163....9I,23
TOI-559,PFS,Magellan II 6.5-m,2024AJ....168..145F,15
TOI-559,TRES,Tillinghast 1.5-m,2022AJ....163....9I,3
TOI-6029,HIRES,Keck I 10-m,2024AJ....168...81S,44
TOI-622,FIDEOS,ESO La Silla 1-m,2023A&A...675A..39P,36
TOI-622,HARPS,ESO La Silla 3.6-m,2023A&A...675A..39P,54
TOI-622,MINERVA,Gemini North 8.1-m,2023A&A...675A..39P,168
TOI-622,NRES,LCOGT/ 6 × 1-m,2023A&A...675A..39P,30
TOI-622,PLATOSpec,ESO La Silla 1.5-m,2025A&A...702A.266Z,28
TOI-640,CHIRON,CTIO 1.5-m,2021AJ....161..194R,16
TOI-640,HARPS,ESO La Silla 3.6-m,2023A%26A...671A.164K,22
TOI-640,HARPS,ESO La Silla 3.6-m,2023A&A...671A.164K,40
TOI-677,CHIRON,CTIO 1.5-m,2020AJ....159..145J,9
TOI-677,CORALIE,ESO Euler 1.2-m,2020AJ....159..145J,6
TOI-677,ESPRESSO,VLT 8.2-m,2023AJ....166..130S,62
TOI-677,FEROS,MPG 2.2-m,2020AJ....159..145J,35
TOI-677,MINERVA,Gemini North 8.1-m,2020AJ....159..145J,16
TOI-677,NRES,LCOGT/ 6 × 1-m,2020AJ....159..145J,12
TOI-677,PFS,Magellan II 6.5-m,2024AJ....167..175H,29
TOI-778,CHIRON,CTIO 1.5-m,2023AJ....165..207C,27
TOI-778,CORALIE,ESO Euler 1.2-m,2023AJ....165..207C,27
TOI-778,MINERVA,Gemini North 8.1-m,2023AJ....165..207C,71
TOI-778,TRES,Tillinghast 1.5-m,2023AJ....165..207C,12
TOI-813,CHIRON,CTIO 1.5-m,2020MNRAS.494..750E,4
TOI-813,ESPRESSO,VLT 8.2-m,2024A&A...690A.379K,27
TOI-858 B,CHIRON,CTIO 1.5-m,2023A&A...679A..70H,7
TOI-858 B,CORALIE,ESO Euler 1.2-m,2023A&A...679A..70H,22
TOI-880,KPF,Keck I 10-m,Elina,32
TOI-892,FEROS,MPG 2.2-m,2020AJ....160..235B,15
TOI-892,HARPS-N,TNG 3.6-m,2024A&A...690A.379K,21
TOI-892,TRES,Tillinghast 1.5-m,2020AJ....160..235B,14
TOI-942,KPF,Keck I 10-m,2024AJ....168..194T,21
TOI-942,PFS,Magellan II 6.5-m,2021ApJ...917L..34W,26
TOI-942c,HIRES,Keck I 10-m,2024arXiv240807788T,21
TrES-1,HARPS-N,TNG 3.6-m,2017A&A...602A.107B,15
TrES-1,HDS,Subaru 8.2-m,2007PASJ...59..763N,19
TrES-1,HIRES,Keck I 10-m,2004ApJ...613L.153A,8
TrES-1,HIRES,Keck I 10-m,2017AJ....153..208B,19
TrES-2,HIRES,Keck I 10-m,2006ApJ...651L..61O,11
TrES-2,HIRES,Keck I 10-m,2008ApJ...682.1283W,56
TrES-4,HDS,Subaru 8.2-m,2010PASJ...62..653N,31
TrES-4,HIRES,Keck I 10-m,2007ApJ...667L.195M,4
TrES-4,HIRES,Keck I 10-m,2017AJ....153..208B,6
V1298_Tau,HIRES,Keck I 10-m,2022AJ....163..247J,60
V1298_Tau,PEPSI,LBT 8.4-m,2022AJ....163..247J,48
V1298_Tau,TRES,Tillinghast 1.5-m,2022AJ....163..247J,21
WASP-1,FIES,NOT 2.5-m,2011MNRAS.414.3023S,15
WASP-1,HARPS-N,TNG 3.6-m,2017A&A...602A.107B,10
WASP-1,HDS,Subaru 8.2-m,2011ApJ...738...50A,20
WASP-1,HIRES,Keck I 10-m,2011ApJ...738...50A,34
WASP-1,HIRES,Keck I 10-m,2017AJ....153..208B,9
WASP-1,SOPHIE,OHP 1.9-m,2007MNRAS.375..951C,7
WASP-1,SOPHIE,OHP 1.9-m,2011MNRAS.414.3023S,21
WASP-100,CORALIE,ESO Euler 1.2-m,2014MNRAS.440.1982H,19
WASP-100,UCLES,AAT 3.9-m,2018AJ....156..197A,18
WASP-101,CORALIE,ESO Euler 1.2-m,2014MNRAS.440.1982H,19
WASP-101,HARPS,ESO La Silla 3.6-m,2024A&A...686A.147Z,54
WASP-103,CORALIE,ESO Euler 1.2-m,2014A&A...562L...3G,18
WASP-103,HARPS-N,TNG 3.6-m,2024A&A...686A.147Z,62
WASP-103,UCLES,AAT 3.9-m,2016ApJ...823...29A,19
WASP-105,HARPS,ESO La Silla 3.6-m,2024A&A...686A.147Z,58
WASP-106,CORALIE,ESO Euler 1.2-m,2023AJ....166..159H,20
WASP-106,ESPRESSO,VLT 8.2-m,2025AJ....170...70E,38
WASP-106,HARPS,ESO La Silla 3.6-m,2023AJ....166..159H,54
WASP-106,HARPS-N,TNG 3.6-m,2023AJ....166..159H,48
WASP-106,NEID,WIYN 3.5-m,2023AJ....166..217W,22
WASP-106,SOPHIE,OHP 1.9-m,2023AJ....166..159H,9
WASP-107,CORALIE,ESO Euler 1.2-m,2017A&A...604A.110A,31
WASP-107,HIRES,Keck I 10-m,2021AJ....161...70P,60
WASP-107,HIRES,Keck I 10-m,2021AJ....161..119R,22
WASP-109,UCLES,AAT 3.9-m,2018AJ....156..197A,16
WASP-11,FIES,NOT 2.5-m,2009A&A...502..395W,6
WASP-11,HARPS-N,TNG 3.6-m,2015A%26A...579A.136M,32
WASP-11,HIRES,Keck I 10-m,2009A&A...502..395W,6
WASP-11,SOPHIE,OHP 1.9-m,2009A&A...502..395W,7
WASP-111,CORALIE,ESO Euler 1.2-m,2013A%26A...551A..80T,1
WASP-111,CORALIE,ESO Euler 1.2-m,Dace,141
WASP-117,CORALIE,ESO Euler 1.2-m,2014A%26A...568A..81L,65
WASP-117,ESPRESSO,VLT 8.2-m,2021A&A...646A.168C,96
WASP-117,HARPS,ESO La Silla 3.6-m,2014A%26A...568A..81L,81
WASP-12,HARPS-N,TNG 3.6-m,2017A&A...602A.107B,15
WASP-12,HIRES,Keck I 10-m,2012ApJ...757...18A,38
WASP-12,SOPHIE,OHP 1.9-m,2009ApJ...693.1920H,21
WASP-120,CORALIE,ESO Euler 1.2-m,2016PASP..128f4401T,29
WASP-120,HARPS,ESO La Silla 3.6-m,2024A&A...686A.147Z,45
WASP-121,CORALIE,ESO Euler 1.2-m,DACE,37
WASP-121,CORALIE,ESO Euler 1.2-m,Dace,55
WASP-121,HARPS,ESO La Silla 3.6-m,DACE,140
WASP-122,CORALIE,ESO Euler 1.2-m,2016PASP..128f4401T,17
WASP-122,ESPRESSO,VLT 8.2-m,2024A&A...691A.120S,106
WASP-127,CORALIE,ESO Euler 1.2-m,2017A&A...599A...3L,56
WASP-127,ESPRESSO,VLT 8.2-m,2022A&A...660A..52C,223
WASP-127,SOPHIE,OHP 1.9-m,2017A&A...599A...3L,26
WASP-129,CORALIE,ESO Euler 1.2-m,2016A&A...591A..55M,9
WASP-129,HARPS,ESO La Silla 3.6-m,2025arXiv250520516Z,39
WASP-13,HARPS-N,TNG 3.6-m,2017A&A...602A.107B,17
WASP-13,SOPHIE,OHP 1.9-m,2009A%26A...502..391S,11
WASP-13,SOPHIE,OHP 1.9-m,2014MNRAS.440.3392B,54
WASP-130,CORALIE,ESO Euler 1.2-m,2017MNRAS.465.3693H,27
WASP-130,ESPRESSO,VLT 8.2-m,2025AJ....170...70E,47
WASP-130,HARPS,ESO La Silla 3.6-m,2025AJ....170...70E,18
WASP-131,CORALIE,ESO Euler 1.2-m,2017MNRAS.465.3693H,23
WASP-131,HARPS,ESO La Silla 3.6-m,2024A&A...686A.147Z,56
WASP-134,HARPS,ESO La Silla 3.6-m,2018arXiv181209264A,36
WASP-134,HARPS-N,TNG 3.6-m,2018arXiv181209264A,48
WASP-136,CORALIE,ESO Euler 1.2-m,2017A&A...599A...3L,46
WASP-136,FIESplus,NOT 2.5-m,2024A&A...690A.379K,20
WASP-139,CORALIE,ESO Euler 1.2-m,2017MNRAS.465.3693H,24
WASP-139,CORALIE,ESO Euler 1.2-m,2024AJ....168..185E,23
WASP-139,ESPRESSO,VLT 8.2-m,2024AJ....168..185E,18
WASP-139,HARPS,ESO La Silla 3.6-m,2017MNRAS.465.3693H,27
WASP-139,HARPS,ESO La Silla 3.6-m,2024AJ....168..185E,23
WASP-14,FIES,NOT 2.5-m,2009MNRAS.392.1532J,6
WASP-14,HARPS-N,TNG 3.6-m,2017A&A...602A.107B,12
WASP-14,HDS,Subaru 8.2-m,2009PASP..121.1104J,39
WASP-14,HIRES,Keck I 10-m,2009PASP..121.1104J,5
WASP-14,SOPHIE,OHP 1.9-m,2009MNRAS.392.1532J,32
WASP-140,CORALIE,ESO Euler 1.2-m,2017MNRAS.465.3693H,46
WASP-140,HARPS,ESO La Silla 3.6-m,2025A&A...694A..91Z,49
WASP-148,HARPS-N,TNG 3.6-m,2024A&A...690A.379K,17
WASP-148,HIRES,Keck I 10-m,2022ApJ...926L...8W,37
WASP-148,NEID,WIYN 3.5-m,2022ApJ...926L...8W,22
WASP-148,SOPHIE,OHP 1.9-m,2020A&A...640A..32H,116
WASP-15,CORALIE,ESO Euler 1.2-m,2010A%26A...524A..25T,44
WASP-15,HARPS,ESO La Silla 3.6-m,2010A%26A...524A..25T,47
WASP-15,HARPS,ESO La Silla 3.6-m,2010A&A...524A..25T,4
WASP-156,CORALIE,ESO Euler 1.2-m,2018A&A...610A..63D,13
WASP-156,SOPHIE,OHP 1.9-m,2018A&A...610A..63D,44
WASP-16,CORALIE,ESO Euler 1.2-m,2012MNRAS.423.1503B,73
WASP-16,HARPS,ESO La Silla 3.6-m,2012MNRAS.423.1503B,70
WASP-16,PFS,Magellan II 6.5-m,2012ApJ...757...18A,31
WASP-162,CORALIE,ESO Euler 1.2-m,2019MNRAS.482.1379H,18
WASP-162,HARPS-N,TNG 3.6-m,2025arXiv250520516Z,38
WASP-166,CORALIE,ESO Euler 1.2-m,2019MNRAS.488.3067H,41
WASP-166,ESPRESSO,VLT 8.2-m,2022MNRAS.516..298D,139
WASP-166,HARPS,ESO La Silla 3.6-m,2019MNRAS.488.3067H,220
WASP-17,CORALIE,ESO Euler 1.2-m,2010A%26A...524A..25T,64
WASP-17,HARPS,ESO La Silla 3.6-m,2010A%26A...524A..25T,60
WASP-172,CORALIE,ESO Euler 1.2-m,2019MNRAS.482.1379H,38
WASP-172,ESPRESSO,VLT 8.2-m,2024A&A...690A.379K,28
WASP-173A,CORALIE,ESO Euler 1.2-m,2019MNRAS.482.1379H,18
WASP-173A,ESPRESSO,VLT 8.2-m,2024A&A...690A.379K,28
WASP-173A,HARPS,ESO La Silla 3.6-m,2025A&A...694A..91Z,41
WASP-174,CORALIE,ESO Euler 1.2-m,2018MNRAS.480.5307T,16
WASP-174,FEROS,MPG 2.2-m,2020A&A...633A..30M,16
WASP-174,HARPS,ESO La Silla 3.6-m,2018MNRAS.480.5307T,23
WASP-178,CORALIE,ESO Euler 1.2-m,2019MNRAS.490.1479H,46
WASP-178,ESPRESSO,VLT 8.2-m,2024A%26A...689A..54D,65
WASP-18,CORALIE,ESO Euler 1.2-m,2010A%26A...524A..25T,37
WASP-18,HARPS,ESO La Silla 3.6-m,2010A%26A...524A..25T,23
WASP-18,PFS,Magellan II 6.5-m,2012ApJ...757...18A,42
WASP-180A,CORALIE,ESO Euler 1.2-m,2019MNRAS.490.2467T,9
WASP-180A,HARPS,ESO La Silla 3.6-m,2019MNRAS.490.2467T,26
WASP-186,FIESplus,NOT 2.5-m,2024A&A...690A.379K,15
WASP-186,SOPHIE,OHP 1.9-m,2020MNRAS.499..428S,25
WASP-19,CORALIE,ESO Euler 1.2-m,2011ApJ...730L..31H,3
WASP-19,ESPRESSO,VLT 8.2-m,2021MNRAS.505..435S,67
WASP-19,HIRES,Keck I 10-m,2011ApJ...730L..31H,36
WASP-19,PFS,Magellan II 6.5-m,2012ApJ...757...18A,20
WASP-190,CORALIE,ESO Euler 1.2-m,2019AJ....157..141T,28
WASP-190,HARPS,ESO La Silla 3.6-m,2019AJ....157..141T,33
WASP-193,CORALIE,ESO Euler 1.2-m,2024NatAs...8..909B,12
WASP-193,HARPS,ESO La Silla 3.6-m,2024NatAs...8..909B,11
WASP-193,PFS,Magellan II 6.5-m,2025AJ....169..225Y,49
WASP-2,CORALIE,ESO Euler 1.2-m,2010A%26A...524A..25T,20
WASP-2,HARPS,ESO La Silla 3.6-m,2010A%26A...524A..25T,26
WASP-2,HDS,Subaru 8.2-m,2011ApJ...738...50A,31
WASP-2,PFS,Magellan II 6.5-m,2011ApJ...738...50A,35
WASP-2,SOPHIE,OHP 1.9-m,2010A%26A...524A..25T,8
WASP-20,CORALIE,ESO Euler 1.2-m,2015A%26A...575A..61A,56
WASP-20,HIRES,Keck I 10-m,2015A%26A...575A..61A,63
WASP-21,CORALIE,ESO Euler 1.2-m,2010A&A...519A..98B,13
WASP-21,FIES,NOT 2.5-m,2010A&A...519A..98B,3
WASP-21,HARPS,ESO La Silla 3.6-m,2010A&A...519A..98B,15
WASP-21,HARPS,ESO La Silla 3.6-m,2020A%26A...642A..54C,41
WASP-21,HARPS-N,TNG 3.6-m,2020A%26A...642A..54C,33
WASP-21,SOPHIE,OHP 1.9-m,2010A&A...519A..98B,11
WASP-22,CORALIE,ESO Euler 1.2-m,2010AJ....140.2007M,37
WASP-22,HARPS,ESO La Silla 3.6-m,2011A%26A...534A..16A,34
WASP-24,CORALIE,ESO Euler 1.2-m,2010ApJ...720..337S,18
WASP-24,FIES,NOT 2.5-m,2010ApJ...720..337S,10
WASP-24,HARPS,ESO La Silla 3.6-m,2011MNRAS.414.3023S,63
WASP-24,HARPS-N,TNG 3.6-m,2017A&A...602A.107B,11
WASP-24,HIRES,Keck I 10-m,2014ApJ...785..126K,4
WASP-25,CORALIE,ESO Euler 1.2-m,2012MNRAS.423.1503B,29
WASP-25,HARPS,ESO La Silla 3.6-m,2012MNRAS.423.1503B,51
WASP-26,CORALIE,ESO Euler 1.2-m,2010A&A...520A..56S,16
WASP-26,HARPS,ESO La Silla 3.6-m,2011A%26A...534A..16A,24
WASP-26,HARPS,ESO La Silla 3.6-m,2011A&A...534A..16A,6
WASP-26,HARPS-N,TNG 3.6-m,2017A&A...602A.107B,9
WASP-26,PFS,Magellan II 6.5-m,2012ApJ...757...18A,39
WASP-28,CORALIE,ESO Euler 1.2-m,2015A%26A...575A..61A,26
WASP-28,HARPS,ESO La Silla 3.6-m,2015A%26A...575A..61A,30
WASP-3,HIRES,Keck I 10-m,2010ApJ...715..421T,33
WASP-3,SOPHIE,OHP 1.9-m,2010MNRAS.405.1867S,33
WASP-30,CORALIE,ESO Euler 1.2-m,2013A&A...549A..18T,47
WASP-30,HARPS,ESO La Silla 3.6-m,2013A&A...549A..18T,37
WASP-31,HARPS-N,TNG 3.6-m,2017A&A...602A.107B,12
WASP-31,HIRES,Keck I 10-m,2012ApJ...757...18A,27
WASP-32,HARPS,ESO La Silla 3.6-m,2012ApJ...760..139B,36
WASP-32,HARPS-N,TNG 3.6-m,2017A&A...602A.107B,9
WASP-32,SOPHIE,OHP 1.9-m,2014MNRAS.440.3392B,22
WASP-33,CES,Coudé Auxiliary Telescope 1.4-m,2015A%26A...578L...4L,287
WASP-33,HARPS-N,TNG 3.6-m,2021A+A...653A.104B,131
WASP-35,CORALIE,ESO Euler 1.2-m,2011AJ....142...86E,9
WASP-35,FIES,NOT 2.5-m,2011AJ....142...86E,3
WASP-35,PLATOSpec,ESO La Silla 1.5-m,2025A&A...702A.266Z,34
WASP-38,FIES,NOT 2.5-m,2011MNRAS.414.3023S,26
WASP-38,HARPS,ESO La Silla 3.6-m,2011MNRAS.414.3023S,1
WASP-38,HARPS,ESO La Silla 3.6-m,2012ApJ...760..139B,76
WASP-39,CORALIE,ESO Euler 1.2-m,2018A%26A...613A..41M,9
WASP-39,HARPS-N,TNG 3.6-m,2018A%26A...613A..41M,20
WASP-39,SOPHIE,OHP 1.9-m,2011A&A...531A..40F,8
WASP-4,CORALIE,ESO Euler 1.2-m,2010A%26A...524A..25T,24
WASP-4,HARPS,ESO La Silla 3.6-m,2010A%26A...524A..25T,30
WASP-41,CORALIE,ESO Euler 1.2-m,2011PASP..123..547M,22
WASP-41,CORALIE,ESO Euler 1.2-m,2016A%26A...586A..93N,78
WASP-41,HARPS,ESO La Silla 3.6-m,2016A%26A...586A..93N,65
WASP-43,CORALIE,ESO Euler 1.2-m,2011A&A...535L...7H,15
WASP-43,HARPS-N,TNG 3.6-m,2017A%26A...601A..53E,40
WASP-44,CORALIE,ESO Euler 1.2-m,2012MNRAS.422.1988A,17
WASP-44,HARPS,ESO La Silla 3.6-m,2025arXiv250520516Z,17
WASP-45,CORALIE,ESO Euler 1.2-m,2012MNRAS.422.1988A,13
WASP-45,HARPS,ESO La Silla 3.6-m,2025arXiv250520516Z,20
WASP-47,CORALIE,ESO Euler 1.2-m,2016A&A...586A..93N,100
WASP-47,CORALIE,ESO Euler 1.2-m,Dace,6
WASP-47,ESPRESSO,VLT 8.2-m,2022AJ....163..197B,19
WASP-47,HARPS-N,TNG 3.6-m,2017AJ....154..237V,69
WASP-47,HIRES,Keck I 10-m,2015ApJ...812L..11S,74
WASP-47,PFS,Magellan II 6.5-m,2015ApJ...813L...9D,26
WASP-48,HARPS-N,TNG 3.6-m,2025A&A...694A..91Z,25
WASP-48,SOPHIE,OHP 1.9-m,2011AJ....142...86E,14
WASP-5,CORALIE,ESO Euler 1.2-m,2008MNRAS.387L...4A,11
WASP-5,CORALIE,ESO Euler 1.2-m,Dace,44
WASP-5,HARPS,ESO La Silla 3.6-m,2010A%26A...524A..25T,33
WASP-50,CORALIE,ESO Euler 1.2-m,2011A%26A...533A..88G,15
WASP-50,ESPRESSO,VLT 8.2-m,2024A&A...690A.379K,61
WASP-50,HARPS-N,TNG 3.6-m,2017A%26A...602A.107B,10
WASP-52,CORALIE,ESO Euler 1.2-m,2013A&A...549A.134H,16
WASP-52,ESPRESSO,VLT 8.2-m,2020A%26A...635A.171C,58
WASP-52,SOPHIE,OHP 1.9-m,2013A&A...549A.134H,48
WASP-53,CORALIE,ESO Euler 1.2-m,2017MNRAS.467.1714T,73
WASP-53,HARPS,ESO La Silla 3.6-m,2017MNRAS.467.1714T,83
WASP-54,CORALIE,ESO Euler 1.2-m,2013A&A...551A..73F,16
WASP-54,HARPS,ESO La Silla 3.6-m,2025arXiv250520516Z,43
WASP-54,HARPS-N,TNG 3.6-m,2017A&A...602A.107B,13
WASP-54,SOPHIE,OHP 1.9-m,2013A&A...551A..73F,7
WASP-59,HARPS-N,TNG 3.6-m,2025A&A...694A..91Z,33
WASP-59,SOPHIE,OHP 1.9-m,2013A&A...549A.134H,12
WASP-6,CORALIE,ESO Euler 1.2-m,2009A%26A...501..785G,35
WASP-6,HARPS,ESO La Silla 3.6-m,2009A%26A...501..785G,36
WASP-6,HARPS,ESO La Silla 3.6-m,2009A&A...501..785G,8
WASP-60,HARPS-N,TNG 3.6-m,2018A%26A...613A..41M,21
WASP-60,SOPHIE,OHP 1.9-m,2013A&A...549A.134H,31
WASP-61,CORALIE,ESO Euler 1.2-m,2012MNRAS.426..739H,15
WASP-61,HARPS,ESO La Silla 3.6-m,2017MNRAS.464..810B,27
WASP-62,CORALIE,ESO Euler 1.2-m,2012MNRAS.426..739H,25
WASP-62,HARPS,ESO La Silla 3.6-m,2017MNRAS.464..810B,30
WASP-66,CORALIE,ESO Euler 1.2-m,2012MNRAS.426..739H,30
WASP-66,UCLES,AAT 3.9-m,2016ApJ...823...29A,15
WASP-69,CORALIE,ESO Euler 1.2-m,2014MNRAS.445.1114A,22
WASP-69,HARPS-N,TNG 3.6-m,2017A%26A...608A.135C,33
WASP-7,CORALIE,ESO Euler 1.2-m,2009ApJ...690L..89H,11
WASP-7,HIRES,Keck I 10-m,2014ApJ...785..126K,18
WASP-7,PFS,Magellan II 6.5-m,2012ApJ...744..189A,37
WASP-71,CORALIE,ESO Euler 1.2-m,2013A%26A...552A.120S,29
WASP-71,HARPS,ESO La Silla 3.6-m,2017MNRAS.464..810B,27
WASP-71,SOPHIE,OHP 1.9-m,2013A%26A...552A.120S,9
WASP-72,CORALIE,ESO Euler 1.2-m,2013A&A...552A..82G,18
WASP-72,HIRES,Keck I 10-m,2018AJ....156..197A,18
WASP-74,CORALIE,ESO Euler 1.2-m,2015AJ....150...18H,21
WASP-74,HARPS-N,TNG 3.6-m,2020A%26A...642A..50L,115
WASP-76,CORALIE,ESO Euler 1.2-m,2016A&A...585A.126W,8
WASP-76,ESPRESSO,VLT 8.2-m,2020Natur.580..597E,74
WASP-76,SOPHIE,OHP 1.9-m,2016A&A...585A.126W,9
WASP-77A,CORALIE,ESO Euler 1.2-m,2013PASP..125...48M,11
WASP-77A,ESPRESSO,VLT 8.2-m,2024arXiv241202095J,154
WASP-77A,HARPS,ESO La Silla 3.6-m,2013PASP..125...48M,8
WASP-77A,HARPS,ESO La Silla 3.6-m,2024A&A...686A.147Z,42
WASP-78,CORALIE,ESO Euler 1.2-m,2012A&A...547A..61S,17
WASP-78,CORALIE,ESO Euler 1.2-m,2015AJ....150...18H,1
WASP-78,HARPS,ESO La Silla 3.6-m,2017MNRAS.464..810B,25
WASP-79,CORALIE,ESO Euler 1.2-m,2015AJ....150...18H,1
WASP-79,CORALIE,ESO Euler 1.2-m,Dace,55
WASP-79,HARPS,ESO La Silla 3.6-m,2017MNRAS.464..810B,29
WASP-79,UCLES,AAT 3.9-m,2013ApJ...774L...9A,23
WASP-8,CORALIE,ESO Euler 1.2-m,2010A%26A...517L...1Q,48
WASP-8,HARPS,ESO La Silla 3.6-m,2010A%26A...517L...1Q,82
WASP-8,HIRES,Keck I 10-m,2014ApJ...785..126K,9
WASP-80,CORALIE,ESO Euler 1.2-m,2013A%26A...551A..80T,11
WASP-80,CORALIE,ESO Euler 1.2-m,2015AJ....150...18H,1
WASP-80,CORALIE,ESO Euler 1.2-m,2015MNRAS.450.2279T,26
WASP-80,HARPS,ESO La Silla 3.6-m,2013A%26A...551A..80T,22
WASP-80,HARPS,ESO La Silla 3.6-m,2015MNRAS.450.2279T,36
WASP-84,CORALIE,ESO Euler 1.2-m,2015AJ....150...18H,1
WASP-84,HARPS,ESO La Silla 3.6-m,2015ApJ...800L...9A,30
WASP-84,HARPS-N,TNG 3.6-m,2015ApJ...800L...9A,39
WASP-85,CORALIE,ESO Euler 1.2-m,2014arXiv1412.7761B,31
WASP-85,CORALIE,ESO Euler 1.2-m,2015AJ....150...18H,1
WASP-85,ESPRESSO,VLT 8.2-m,2023A%26A...677A.110J,122
WASP-85,HARPS,ESO La Silla 3.6-m,2014arXiv1412.7761B,8
WASP-85,SOPHIE,OHP 1.9-m,2014arXiv1412.7761B,11
WASP-87,CORALIE,ESO Euler 1.2-m,2015AJ....150...18H,1
WASP-87,UCLES,AAT 3.9-m,2016ApJ...823...29A,17
WASP-91,HARPS,ESO La Silla 3.6-m,2025arXiv250520516Z,20
WASP-94,CORALIE,ESO Euler 1.2-m,2014A%26A...572A..49N,48
WASP-99,CORALIE,ESO Euler 1.2-m,2014MNRAS.440.1982H,20
WASP-99,HARPS,ESO La Silla 3.6-m,2025arXiv250520516Z,27
XO-2,HARPS-N,TNG 3.6-m,2015A%26A...575A.111D,43
XO-2,HDS,Subaru 8.2-m,2011PASJ...63L..67N,59
XO-3,APF,Lick/Levy 2.4-m,2022AJ....163..158W,91
XO-3,HARPS-N,TNG 3.6-m,2017A%26A...602A.107B,38
XO-3,HDS,Subaru 8.2-m,2011PASJ...63L..57H,19
XO-3,HIRES,Keck I 10-m,2009ApJ...700..302W,39
XO-3,HIRES,Keck I 10-m,2014ApJ...785..126K,11
XO-3,HRS,McDonald HET 9.2-m,2008ApJ...677..657J,21
XO-3,SOPHIE,OHP 1.9-m,2008A%26A...488..763H,55
XO-3,eShel,Stara Lesna 0.6-m,2017AN....338...35G,20
XO-4,HARPS-N,TNG 3.6-m,2017A%26A...602A.107B,14
XO-4,HDS,Subaru 8.2-m,2010PASJ...62L..61N,37
XO-4,HIRES,Keck I 10-m,2014ApJ...785..126K,9
XO-6,SOPHIE,OHP 1.9-m,2017AJ....153...94C,36
XO-7,FIESplus,NOT 2.5-m,2024A&A...690A.379K,12
XO-7,SOPHIE,OHP 1.9-m,2020AJ....159...44C,147
